concorrente,Preço,Loja,qtd_vendida,link,principal
Smart Tv LG 50 4k Uhd Hdr Thinq Ai Pro Wi-fi Bluetooth Alexa Apple Airplay - 50tu801c0sa,R$ 2384.90,Comprebel (Oficial),Oficial,https://www.mercadolivre.com.br/smart-tv-lg-50-4k-uhd-hdr-thinq-ai-pro-wi-fi-bluetooth-alexa-apple-airplay-50tu801c0sa/p/MLB52058084?pdp_filters=official_store%3A1614,Smart Tv LG 50 4k Uhd Hdr Thinq Ai Pro Wi-fi Bluetooth Alexa Apple Airplay - 50tu801c0sa
"Smart TV LG 65"" 4K Ultra HD UT80 Processador A5 Ger7 AI Alexa/Chromecast integrado com Entrada HDMI e USB - 65UT8050PSA",3699,Loja oficialWebfones,Novo  |  +5mil vendidos,https://click1.mercadolivre.com.br/mclics/clicks/external/MLB/count?a=lTlwjX%2BW%2BQzhnY1BnY%2FtoaDRuzrj5PPNm7QOlBvUqRiRPm2Y%2BvKMFXCDxm6qSj4KAffExs1u1AeUZhz1Emkn2wssyrO9rAgY4AJPT%2B%2FgMHeTgvkDXmIAYDf4sCH38qhg1LyXPqSegPipiLGRruHfXWpnLBFdD%2B5hyOn1Ld0XXCVnPsIDORshGnnyldQKDD1VEO0UkC9SnkFcyhYn6rXlJiEqzDBaJKZX5N0e7ZtMpU6MwqAmkdhy8iEb52PMMXQeGQaowy%2Boz8TPH0%2FHWAL9FXvb7Es7x6kbwpHEtsGbNHSqQn6f2GeO6KSaXJQVym4jT2o3yptm%2FVNgrmkM65FldiVuXg32rW2jU7DHqy96GgiJ7ywvZbKZrh7Clc4%2Fq5V4VHtoMip6sky6OiQypfeRz%2BNwSLAxZ461zoPzgGfXrTzLs8wp1VOKqQrQSy%2FgEoKeYWT%2Fgy%2FnsxpT1GQ5sf8WnnG6IsqWAM837yGL46tjzBNaMLyYWhQeMWHZwhNZsT2yWTN4Sw83Ytk59j9TKxMPltt4PfoiFHUIbORwIqneGNz2IfArVucnzuFxZp9eLTV6tTXKdkbjWVTj9AbQ4FWRIq2i%2BwZC8fPAiI6ry%2F%2FP5UHpE3UbsNKHljZT0tlXBTdNE2ty%2FuuueH1N6NmpzC11V%2FjeD2zKA3PTLwDJBJBaIC724uwocnaPg4CL4u3rmGdVE8pKHSQQYMlcWf1SnLhDyvnfkV6vv71uhIlrxayjw5pusdbGLB5ZcSNP4%2FH%2BgeP7zuD8Yz9jFi988Hd1IFWK%2Boo9O5Df3K5lXswW6AdVHw17oKKGi6wHbbkGJa6mR6PoiAvtXjCdA71rxV%2BkjwtzN6wpqI0GKvA6dAJks7mns3%2BiE9vJhj0LYXYfQVwyZiSCzDIYTt7zhcWVJR1HEdk9ySQb6O%2FbH%2FCV6ADOmcNtRhwb%2BIVRQtKmRpacNXhVUroZ8zM9CrEOp%2Bi5BhSNpA5EGcfj7kFOxLI0YCzlsbCoDVC%2BQSEM%2FV1NOMOs%2BqbhPO8hwP4V#polycard_client=search-nordic&is_advertising=true&searchVariation=MLB39457851&backend_model=search-backend&search_layout=grid&position=1&type=pad&tracking_id=0b89bbbd-ce0c-4547-b036-f07db27372b6&wid=MLB3967072493&sid=search,Smart Tv LG 50 4k Uhd Hdr Thinq Ai Pro Wi-fi Bluetooth Alexa Apple Airplay - 50tu801c0sa
"Smart TV 4K 50"" LG UHD 50UA75 Processador α7 AI Ger8 4K Super Upscaling Google Cast Alexa Integrado Controle Remoto Padrão WebOS 25",1799.01,Loja oficialVikings,Novo  |  +1000 vendidos,https://www.mercadolivre.com.br/smart-tv-4k-50-lg-uhd-50ua75-processador-7-ai-ger8-4k-super-upscaling-google-cast-alexa-integrado-controle-remoto-padro-webos-25/p/MLB53201474#polycard_client=search-nordic&search_layout=grid&position=2&type=product&tracking_id=0b89bbbd-ce0c-4547-b036-f07db27372b6&wid=MLB5879784836&sid=search,Smart Tv LG 50 4k Uhd Hdr Thinq Ai Pro Wi-fi Bluetooth Alexa Apple Airplay - 50tu801c0sa
Smart Tv LG 50 4k Uhd Hdr Thinq Ai Pro Wi-fi Bluetooth Alexa Apple Airplay - 50tu801c0sa,1789.25,Loja oficialEshop,Novo  |  +10mil vendidos,https://www.mercadolivre.com.br/smart-tv-lg-50-4k-uhd-hdr-thinq-ai-pro-wi-fi-bluetooth-alexa-apple-airplay-50tu801c0sa/p/MLB52058084#polycard_client=search-nordic&search_layout=grid&position=3&type=product&tracking_id=0b89bbbd-ce0c-4547-b036-f07db27372b6&wid=MLB4186021237&sid=search,Smart Tv LG 50 4k Uhd Hdr Thinq Ai Pro Wi-fi Bluetooth Alexa Apple Airplay - 50tu801c0sa
"Smart TV 4K 50"" LG UHD 50UA85 Processador α7 AI Ger8 4K Super Upscaling Google Cast Alexa Integrado Controle AI Smart Magic WebOS 25",1799.01,Loja oficialVikings,Novo  |  +1000 vendidos,https://www.mercadolivre.com.br/smart-tv-4k-50-lg-uhd-50ua85-processador-7-ai-ger8-4k-super-upscaling-google-cast-alexa-integrado-controle-ai-smart-magic-webos-25/p/MLB51381761#polycard_client=search-nordic&search_layout=grid&position=4&type=product&tracking_id=0b89bbbd-ce0c-4547-b036-f07db27372b6&wid=MLB5751261338&sid=search,Smart Tv LG 50 4k Uhd Hdr Thinq Ai Pro Wi-fi Bluetooth Alexa Apple Airplay - 50tu801c0sa
Smart Tv LG Led 55 55ut801c0sa 4k Ultra Hd Thinq Ai Webos 24,2039.28,Loja oficialEshop,Novo  |  +10mil vendidos,https://www.mercadolivre.com.br/smart-tv-lg-led-55-55ut801c0sa-4k-ultra-hd-thinq-ai-webos-24/p/MLB44672028#polycard_client=search-nordic&search_layout=grid&position=5&type=product&tracking_id=0b89bbbd-ce0c-4547-b036-f07db27372b6&wid=MLB3966901001&sid=search,Smart Tv LG 50 4k Uhd Hdr Thinq Ai Pro Wi-fi Bluetooth Alexa Apple Airplay - 50tu801c0sa
Smart Tv 4k 50 LG Uhd 50ut8000 Processador 5 Ger7 Ai Alexa/chromecast Integrado Otimizador De Jogos Webos 24 Com Controle Remoto Padrão,1860.65,Loja oficialVikings,Novo  |  +1000 vendidos,https://www.mercadolivre.com.br/smart-tv-4k-50-lg-uhd-50ut8000-processador-5-ger7-ai-alexachromecast-integrado-otimizador-de-jogos-webos-24-com-controle-remoto-padro/p/MLB47854356#polycard_client=search-nordic&search_layout=grid&position=6&type=product&tracking_id=0b89bbbd-ce0c-4547-b036-f07db27372b6&wid=MLB4143550845&sid=search,Smart Tv LG 50 4k Uhd Hdr Thinq Ai Pro Wi-fi Bluetooth Alexa Apple Airplay - 50tu801c0sa
"Smart TV Profissional 4K 50"" LG UHD 50AU801 Processador α7 AI Ger8 Super Upscaling Google Cast Alexa Integrado Controle AI Smart Magic WebOS 25",1895.73,Loja oficialEshop,Novo  |  +100 vendidos,https://www.mercadolivre.com.br/smart-tv-profissional-4k-50-lg-uhd-50au801-processador-7-ai-ger8-super-upscaling-google-cast-alexa-integrado-controle-ai-smart-magic-webos-25/p/MLB61517857#polycard_client=search-nordic&search_layout=grid&position=7&type=product&tracking_id=0b89bbbd-ce0c-4547-b036-f07db27372b6&wid=MLB5889143382&sid=search,Smart Tv LG 50 4k Uhd Hdr Thinq Ai Pro Wi-fi Bluetooth Alexa Apple Airplay - 50tu801c0sa
"Smart TV LG 50"" 4K UHD LED Alexa, ThinQ AI, HDR10, WebOS 24 Controle Smart Magic- 50UT8050",2023.91,Loja oficialINPOWER,Novo  |  +10mil vendidos,https://www.mercadolivre.com.br/smart-tv-lg-50-4k-uhd-led-alexa-thinq-ai-hdr10-webos-24-controle-smart-magic-50ut8050/p/MLB39457123#polycard_client=search-nordic&search_layout=grid&position=8&type=product&tracking_id=0b89bbbd-ce0c-4547-b036-f07db27372b6&wid=MLB3969669499&sid=search,Smart Tv LG 50 4k Uhd Hdr Thinq Ai Pro Wi-fi Bluetooth Alexa Apple Airplay - 50tu801c0sa
"Smart TV de 50"" LG UT801C 50UT801C0SA com tela LED 4K 127/220V - preto",1899,Loja oficial2Eletro,Novo  |  +10mil vendidos,https://www.mercadolivre.com.br/smart-tv-de-50-lg-ut801c-50ut801c0sa-com-tela-led-4k-127220v-preto/p/MLB45672004#polycard_client=search-nordic&search_layout=grid&position=9&type=product&tracking_id=0b89bbbd-ce0c-4547-b036-f07db27372b6&wid=MLB4153138167&sid=search,Smart Tv LG 50 4k Uhd Hdr Thinq Ai Pro Wi-fi Bluetooth Alexa Apple Airplay - 50tu801c0sa
Smart Tv Lg 55 55ua8550psa+ubook Kit 10 Livros Digitais Geek,2499,Loja oficialMobcom,Novo  |  +5 vendidos,https://click1.mercadolivre.com.br/mclics/clicks/external/MLB/count?a=shjf7%2BQQjVAqHODhl6fD4voVTxCTfdCUyzNwIEaQ5FdSH4r3KPU7%2FesEq04EzMERO53ve8SSDxVa8QpE3v4271XAmegRGSegtcVKBqUOQlEqNV%2BEHpwKL8YzDb662hG%2FRP2rzNWFkjeyApP%2BKdNGdcgH27SnTIw3ciooNgOwTTEyln3iXTNktrNoQAKpz7p3iVZrqrw%2FFMHP6tHV6Yuk9IvABjkyIUUSCS1HiP7xmMpzKqgF6qEcyeQT9GdxGGJTfzEYN0CqdhZD5Rv6GGEOoN4uKF94g8zVGt%2FaXLv04kXU8XhmlUIaIV9JDMnQXmHgIUpd5xJXG8zRvEFEtuHD5KKkEOzw8auSeirYBPuAUo3pnuD0P5hYei%2Fz28zBmxzce1u1EiEHOKQ6ejILRiT0K1eKdhg%2FZ8Hclxo8By7Ci3IYUbl%2BNbu7YkxCgQk3Rj328KYSNeo0BW0LcpTKm%2FpL%2FNhVaqy9O1t%2FENdqj5xhnk2dWqudilt07acGS4I5LB5%2FWdxYWitsE2gD0uTNgl5LPznjA1wUFqin3sL7Wp69Inb68DIy0SJvoHdZEUGFZipl6hZLH7SxDevatCNNcCCNPacgesLphOkz5XjEynxuKie4NCQqRYUM4UbRCo8J0%2BcUu4QCBoSI7uo3XuNK95LW3G%2F14dqMDMN2d4%2FTu1mZ%2FpGdXgFKdlfs%2FqSPKSTMviiRG1mtTCaGxKPsa6wbyj2IW%2FiDNgiec%2FDEHVhwBWaH6eeZSMDdBqBdclCyBfY2BCFI6%2BKhNa7tcy4UlVoCANtTK%2BYskWoJkW6y6I0qMJQN7Sh9hGbRmTa4EnWxgC2u8F2FTaB7GV5GkdYU9oiECzQv%2BHz8e1ugwxFKUcwSDdYhtTeOmYv%2B%2BWe67JLT9cLVabwSdsaH9s0WF4PPSeDcA8PA8jWmXmo32RpsAKKEZ%2FhV0RGU7vl2Y58HEPwZMHLOyVl7BYAy6w%3D%3D#polycard_client=search-nordic&is_advertising=true&searchVariation=MLBU3455852906&backend_model=search-backend&search_layout=grid&position=10&type=pad&tracking_id=0b89bbbd-ce0c-4547-b036-f07db27372b6&wid=MLB4228845243&sid=search,Smart Tv LG 50 4k Uhd Hdr Thinq Ai Pro Wi-fi Bluetooth Alexa Apple Airplay - 50tu801c0sa
"Smart TV LG 86"" 4k Ultra HD UT80 Processador A5 Ger7 AI, Alexa, Chromecast integrado, Otimizador de Jogos, webOS, Wi-Fi e USB - 86UT8050PSA",7939,Vendido porEasyTech,Novo  |  +100 vendidos,https://click1.mercadolivre.com.br/mclics/clicks/external/MLB/count?a=zntWPdxIgWETcHCS7qadxG1VO9PvJS%2FOwZBaYL1YecsKNwLNizoaGg38O1bcgn11gfagtD9UYYv3a5%2BDzf69E5dfb5WcdT9gvXqR0mPEN7j90pc4%2Bs1wuN6lUYEi2zfODdow%2FvJP%2BjjWRKhDpxGrjL4o%2FjNY7jX0taHo%2FayTk%2FAR0cbcoLgXq8BhYu09kelMBmOsx7%2FDKUmrjpgbc%2BBxXSb%2Bu8jMU7ZeK8t4daWMzWn%2BaUL2Fx%2BRJDl4nM0GYSZHXs%2F2FUqsNxixPvfOJVbeO7TkmTc6xL6AWy%2BcKE0sxC4DiIqK987%2FcFVRW%2FIt2p22LslnuZCpr7%2BvwhnNC%2FtPpm0llAz808b%2FS5oWQcNSNqtuvO8viwupznWWSbeCKZkBbcZsU79auoT9SV74PoQ6IBke1CaAcV%2Bja6tIt4TarKnjUtqbuT7YnhVOVBr%2FiyQrbnPve4QlJa4nJJ9rg2vIQTRSdqMfeSM4k5Dipy6YanObEnxXfSzBcIdTd7K4gd7JhRgxQLuMz84ZUdvPskf7CbwotnvlobOiq4kXVoNj6lVGGoE90QB8OxDrmV2O5NZzksK7KO%2Fh3IOIpSYSLOB2eZPd4cDqRCwK0YQ3UtHYD5zUwniBwDkiTeHsgE%2FepQvdfWhnpxuL3GbPigon7A8AtSRPyStYKjldn63EmtqchOZ0upueclCDylOdLE4pPcD9HbBqsOF0vZTqpYWHRjB2B%2FMtwSqjIhlLik0zJYZZHN%2FGELc9x%2BLZsKvZcnuFn44AmZ%2BENF2nssI8QyTMGUb4qCkEDvUKOvNhz3md3Cf6Z68Px5Pk7Z686R56TdM43oTdHgcSj4zhOinPTZ3QmWblGXu6VOoj3vpkPHGqg3IkO3sIggeYI%2B0CeAaIv380UznoRzNrwt16FqmKmwUgb4wrUNroVffQfcrP2jUW5BVku9hxJ1Rn2FJr2gYyOprBPv9f6Q25%2BmQPo6n4ioDo7jDSsdj3Z2SQPv4R3qHLtZEpd3iigY8shNl6bOw8vB1lRB%2BFRdYF4JqJfdareFMTXC%2B1v9rbzgTt8ao%3D#polycard_client=search-nordic&is_advertising=true&searchVariation=MLB39457066&backend_model=search-backend&search_layout=grid&position=11&type=pad&tracking_id=0b89bbbd-ce0c-4547-b036-f07db27372b6&wid=MLB4042160401&sid=search,Smart Tv LG 50 4k Uhd Hdr Thinq Ai Pro Wi-fi Bluetooth Alexa Apple Airplay - 50tu801c0sa
Suporte P/ Smart Tv Lg 4k Uhd Led 32 43 50 55 60 65 70 75  Preto,59.99,Vendido porPEDIDO PERFEITO,Novo  |  +50 vendidos,https://click1.mercadolivre.com.br/mclics/clicks/external/MLB/count?a=jRzmLp3WuJnCimTFP8dISUIayKPVyKzWlZejUL4dLFdbUK9euOrey7cb7bZ9qlmpvI%2BCLSN5lyd9vtMamyPpWTZay2RNhzXFBLwySz%2FCKxIWVLacT0STm83AwttR6MKuO7VJHkQ1XaKyWN%2BWG4TV8kVDsS83IEmgYzCP6uNuz%2Bl88z7HD0qbgiTZE6e8r0Nd33O8soQIec%2BI4i%2FTKOvF9jCKpPPzMFunQFHthhTOokuVHR%2Br7qeSf6BjS0b%2FVr6VbwVH5HBXtiD2vZ5UIKMx%2Bjti2vAwJpndmkPDrHxK6arT30K2pjgNr1VgYq2WsLJmjSrQvUOOWQe%2F4K9gjVGcT%2Bic0qyTNg7MiFaEpvDes7xBWmDUGnw2hXscKhLfMZkALlXWcjtMJQEYgbTYINSJC9KFLjE%2BXna%2FOprmPPrUCaoVmgrgHvuPmhxbxNTqArHBChSMYzZ0YkRAcCg0nIOTSENr5IY3VkBSE2QJpXJQVkDIKAm4nvPLSjNThNd9GAeMSe%2BpMQTo5rnv7SDL2NsTN7vBROrgnSvfl7sbCw%2FNRAhgYIRxX4uPA3i76joBo%2Fjgn9gj%2FXC7IyxMP1CA2dIflOeQjhC8dCJ5pLdicpkliZ1lx4eUpzfQcUnz4DbYOqs32FhcCJICN55duVL7KBdImO32HbUpVXnMoHXny0Qvk3n2N5Rc0dE65q2m6Doon4rNehYR21D6VAKXRO0DQx8lmGBcCiqUbyC4d2XJ74Sb4OXTYvcxn8nX8YlmxEvcfvoozxBQ5WNSbBQVNdtRXofZm%2BRZLmm5dY6%2BgOVBWeP3cjpS36WOTP2j7zpUimjOZxgnSsoIu8XiBY0fxACyuQY%2B%2FzWNZCtyXq3HSOTeVuVX62UUiaMnHc%2BfgRyr7QsxIEv6f2hOQ8ZIckKEqccbJmiUK0DeqA9bydbngHI35AdHVG01RWzRMy67%2Bj9jYvdVFWf19g%3D%3D#polycard_client=search-nordic&is_advertising=true&searchVariation=MLBU1434013962&backend_model=search-backend&search_layout=grid&position=12&type=pad&tracking_id=0b89bbbd-ce0c-4547-b036-f07db27372b6&wid=MLB2976093525&sid=search,Smart Tv LG 50 4k Uhd Hdr Thinq Ai Pro Wi-fi Bluetooth Alexa Apple Airplay - 50tu801c0sa
Smart Tv Led 75 Ultra Hd 4k LG 75tu801c0sa Thinq Ai Webos 24 Hdr10 3 Hdmi 2 Usb Wi-fi,4749.05,Loja oficialVikings,Novo  |  +100 vendidos,https://www.mercadolivre.com.br/smart-tv-led-75-ultra-hd-4k-lg-75tu801c0sa-thinq-ai-webos-24-hdr10-3-hdmi-2-usb-wi-fi/p/MLB53176073#polycard_client=search-nordic&search_layout=grid&position=13&type=product&tracking_id=0b89bbbd-ce0c-4547-b036-f07db27372b6&wid=MLB5926282936&sid=search,Smart Tv LG 50 4k Uhd Hdr Thinq Ai Pro Wi-fi Bluetooth Alexa Apple Airplay - 50tu801c0sa
"Smart TV LED 43"" Ultra HD 4K LG 43UR781C0SA.BWZ Preto ThinQ AI 3 HDMI 2 USB Wi-Fi Bluetooth HDR10",1699,Loja oficialTNT Info,Novo  |  +50mil vendidos,https://www.mercadolivre.com.br/smart-tv-led-43-ultra-hd-4k-lg-43ur781c0sabwz-preto-thinq-ai-3-hdmi-2-usb-wi-fi-bluetooth-hdr10/p/MLB25800955#polycard_client=search-nordic&search_layout=grid&position=14&type=product&tracking_id=0b89bbbd-ce0c-4547-b036-f07db27372b6&wid=MLB5343939420&sid=search,Smart Tv LG 50 4k Uhd Hdr Thinq Ai Pro Wi-fi Bluetooth Alexa Apple Airplay - 50tu801c0sa
"Smart TV LG 55"" 4K Ultra HD UT80 Processador A5 Ger7 AI Alexa/Chromecast integrado com Entrada HDMI e USB - 55UT8050PSA",2359,Loja oficialRep Store,Novo  |  +10mil vendidos,https://www.mercadolivre.com.br/smart-tv-lg-55-4k-ultra-hd-ut80-processador-a5-ger7-ai-alexachromecast-integrado-com-entrada-hdmi-e-usb-55ut8050psa/p/MLB39457012#polycard_client=search-nordic&search_layout=grid&position=15&type=product&tracking_id=0b89bbbd-ce0c-4547-b036-f07db27372b6&wid=MLB4208236605&sid=search,Smart Tv LG 50 4k Uhd Hdr Thinq Ai Pro Wi-fi Bluetooth Alexa Apple Airplay - 50tu801c0sa
Smart Tv LG 50 Polegada Controle Smart Magic 4k Webos 25 Ai,2170.99,Loja oficialComercial Acessórios,Novo  |  4 vendidos,https://www.mercadolivre.com.br/smart-tv-lg-50-4k-webos-25-ai-controle-smart-magic-50/p/MLB2043940369#polycard_client=search-nordic&search_layout=grid&position=16&type=product&tracking_id=0b89bbbd-ce0c-4547-b036-f07db27372b6&wid=MLB4282771087&sid=search,Smart Tv LG 50 4k Uhd Hdr Thinq Ai Pro Wi-fi Bluetooth Alexa Apple Airplay - 50tu801c0sa
Smart Tv Lg 50  50ua8550psa 4k Uhd A7 Ai Gen8 Webos 25,1871.1,Loja oficial123 Comprou,Novo  |  +25 vendidos,https://www.mercadolivre.com.br/smart-tv-lg-50--50ua8550psa-4k-uhd-a7-ai-gen8-webos-25/up/MLBU3326782979#polycard_client=search-nordic&search_layout=grid&position=17&type=product&tracking_id=0b89bbbd-ce0c-4547-b036-f07db27372b6&wid=MLB5528580320&sid=search,Smart Tv LG 50 4k Uhd Hdr Thinq Ai Pro Wi-fi Bluetooth Alexa Apple Airplay - 50tu801c0sa
Smart Tv LG 50'' 4k Ultra Hd Pro Led Hdr Thinq Ai Alexa,1786.99,Loja oficialEshop,Novo  |  +25 vendidos,https://produto.mercadolivre.com.br/MLB-4111385709-smart-tv-lg-50-4k-ultra-hd-pro-led-hdr-thinq-ai-alexa-_JM#polycard_client=search-nordic&search_layout=grid&position=18&type=item&tracking_id=0b89bbbd-ce0c-4547-b036-f07db27372b6&wid=MLB4111385709&sid=search,Smart Tv LG 50 4k Uhd Hdr Thinq Ai Pro Wi-fi Bluetooth Alexa Apple Airplay - 50tu801c0sa
Smart Tv Lg 55 Uhd 55ut8050psa Webos 24 + Ubook Kit 20,2089.05,Loja oficialMobcom,Novo  |  3 vendidos,https://click1.mercadolivre.com.br/mclics/clicks/external/MLB/count?a=LyeYNfhBU00u0fA6sPT7YaEc3uPu51n3Qc8deDsu%2BvyXIE3SFBCISclpLTM%2FdoBsoYQXzDON91XKXoC2V%2BL9BPxKwGR8UN4M4YvucP6dHRmvITBb65O%2Bpfj9hez%2FgHCfr3rpPTP6xFpL3cR1lXlTaKqJ2Sc9sTHMWmZ4whDf%2F3ymQK2ljIn1%2BQR6K5XfBFLCq2pos9gXuSe702x0AsO%2FV%2BTSWlQxNh1jxZmRddqPFtjCJidG6AuKH19Ltp%2BFbvxLSjPeGeb%2Bkv8XGPn5wpstl6TZ1haAyBcgB%2FOkn1l3AZrFQNkvYcFyWnDfgI9jRKbb%2BQDtNxFcuaUKscnDQLML%2Fn9Q1zoCjzV6qyF%2BDQ1Z6jufwFEnQhm%2FKIkZNcRHg8%2FwEcc1wLvp05ovBOhrLSlLa4VnPuF990hED6uyE0XW53ZYoAxJdbKh1M0twzObQOir8A9RiduM4qRiKkGpACbGCLsnQ4F85VSoCHnjoDk32%2FdkM%2FsJoWDj%2Beyg6o0sO5VLbjOczaqxOUKyk6HrTTB6xHtHGWIhTh4xpHZs1Ym8quIzbQBtDHWbUaBp8pGUz4JPKPjoiTf9fVDse7wi5xkCjBq%2BSKc%2BdKmHJZ%2FtWYYDFB37LyXeGv9VlUwpMus8a5KhkGjfbAmWKnymyeqnI60y3bXpY5ygYdpXlAeCahrPK8GvZS7aw10lpYYon%2FbNX9rnz%2BGbK6cDgLPmfs5ifsTTJzel%2F0dp08w3VNoIxAmBAS1fSgTJQ6GdkA2010%2FUCV2TcR6PBYRhR2ZV9v5vU6u4lgWBLLitxaMOK7tXLZN2wT0bWI2GXpKpBYRLFgCSp2Q0AKNeEVW7OeZN2PNNgbTvhpiQ9nY5RVzq6ipczyUXm5tLaXTJZg8uHKpmW069h2UkdaqOSOr00aMCK7RHSPqnAhctl2vrWt50d%2BNGLpzdWCATjJZ2%2F076TEkT1mkQ%2BMop#polycard_client=search-nordic&is_advertising=true&searchVariation=MLBU3394668934&backend_model=search-backend&search_layout=grid&position=19&type=pad&tracking_id=0b89bbbd-ce0c-4547-b036-f07db27372b6&wid=MLB4182796993&sid=search,Smart Tv LG 50 4k Uhd Hdr Thinq Ai Pro Wi-fi Bluetooth Alexa Apple Airplay - 50tu801c0sa
"Smart TV LG 55"" 4K QNED Processador a5 Ger7 AI Alexa/Chromecast Integrado e webOS 24 - 55QNED80TSA",3499,Vendido porEasyTech,Novo  |  +500 vendidos,https://click1.mercadolivre.com.br/mclics/clicks/external/MLB/count?a=l5W0iaOENWdnNvAPIJL1xMB62c%2F4wYpHWCJFzGcNbeZV%2Bn5e9pZSX5IouHygMQFYaiCYc1s2mNLLSMr%2FPrSYlQhz97aNDvA18Bc57lLUklmnGrfQd6ZZRqGjDy8jMipULcWGVXbtavy%2Bn%2FhWm1LzlwV%2BCTXPVjrgDVkCqp0QHtUoPjddxrihDRYmMWd0Ivysx%2FpNIE3HMlZ5ZvnrzjcATDbHL%2FvRFeXWCbEq3GtFTNEpvgqEwOXVuw2aJuXJIMF%2BTBx9eANMCAISBR%2BjgWH8fXhmcazOScMKE9qRKDf5dGHRWq%2FlVcjxVOx5LzEK9ij%2BQoNmhKb7fE9uDF8Ur64e9ptAS0Q%2BWMQW3eUfHdRESS50ZB5V9mthuRC3U4bQlE7meDwzZdzUx9SceE2Qc6SjB%2BeBkQfeyDLCyAls3L058glluYWw9i7vn3qEoggx50QFvZUNmgyb57joSwXu2G0F9zwR5YQZXLnaRmhL02tyhic%2Frv5A%2FIZJE3rWSu1aPdIXjpIUnS81njEDvH2g0cFhE4QxAAntWbqfZ74NTXsJDM9cbE0clA1u9egJDzooe3g2vRsA2Cs%2BJ0tR9FfOEhgFPenRr%2Bpm1reezmhnJTUYdSISC223M79ZvjF3fQvP9nQ1IsiRbBJonbDDaKVjr4nW9ZybNUAA8h7ZPwVH8T%2Fwd9%2FDTh23T2sHV5wweamY6OQLr99ZTog24GNAEOszDwkAQGsuIKMeCnhyOa2K%2FGVnobRcU8m5dBDb8HjACg7F6pIduXr2L0bu%2BZNmgIo4xawZpQl7EwLvAZr1TdYjTTOyJtBL4JqXYHpK%2B4RZrZcr8b9Lck4zROc3q79IG5vmX7qF6T5v3PCynzFY1qRX%2FcVxdwzIDuvPCOcdqP0H2u9QrQhHnavuDU1OX%2BrmYnkcjT%2B8dkgAvU5BBin50uS3qs11zinHKF9GSE0lUTRh9TjAgObeavtSjuHKEk4JsM2RJ3Zj9NQkK2Ai0GTKnwr%2BI6ZFTYVF6J0%3D#polycard_client=search-nordic&is_advertising=true&searchVariation=MLB26322079&backend_model=search-backend&search_layout=grid&position=20&type=pad&tracking_id=0b89bbbd-ce0c-4547-b036-f07db27372b6&wid=MLB5364029102&sid=search,Smart Tv LG 50 4k Uhd Hdr Thinq Ai Pro Wi-fi Bluetooth Alexa Apple Airplay - 50tu801c0sa
